,en,en,en,en,es,es,es,es
,0,1,2,3,0,1,2,3
0,(,PUNCT,18.674592971801758,14273,(,PUNCT,29.855510711669922,14273
1,Music,NOUN,22.019737243652344,14273,Música,PROPN,34.05133819580078,14273
2,),PUNCT,21.842891693115234,14273,),PUNCT,31.957921981811523,14273
3,(,PUNCT,19.33601188659668,574052,(,PUNCT,29.47212028503418,574052
4,Applause,NOUN,21.975845336914062,574052,Aplausos,PROPN,34.93049240112305,574052
5,),PUNCT,20.301513671875,574052,),PUNCT,30.808273315429688,574052
